{
    "health": 8,
    "mana": 1000,
    "bulletCount": 17,
    "x": 22.41059684753418,
    "y": 1.8502782583236695,
    "sceneName": "scene1_Khoi"
}