{
    "health": 15,
    "mana": 150,
    "x": 32.73813247680664,
    "y": 7.855244159698486,
    "sceneName": "scene1_Khoi"
}