{
    "health": 145,
    "mana": 0,
    "x": 150.9560089111328,
    "y": 35.82789611816406,
    "sceneName": "scene1_Khoi"
}