{
    "health": 15,
    "mana": 1000,
    "x": -3.1952152252197267,
    "y": 0.4520387649536133,
    "sceneName": "scene1_Khoi 1"
}