{
    "health": 1,
    "mana": 1000,
    "x": -3.1874570846557619,
    "y": 0.4503398835659027,
    "sceneName": "scene1_Khoi 1"
}