{
    "health": 11,
    "mana": 628,
    "x": 38.404144287109378,
    "y": 1.8502612113952637,
    "sceneName": "scene1_Khoi"
}