{
    "health": 12,
    "mana": 150,
    "x": -18.678977966308595,
    "y": 1.184741497039795,
    "sceneName": "scene1_Khoi"
}